New,1000,206.621792397949918,0.003058119000000
New,1000,206.621792397950031,0.006092919000000
New,1000,206.621792397949918,0.003080746000000
New,1000,206.621792397950003,0.002771786000000
New,1000,206.621792397949918,0.002934686000000
New,1000,206.621792397949918,0.002954179000000
New,1000,206.621792397950060,0.002911555000000
New,1000,206.621792397950003,0.002888695000000
New,1000,206.621792397950003,0.002799673000000
New,1000,206.621792397950031,0.002864934000000
New,1000,206.621792397950003,0.002799303000000
New,1000,206.621792397950003,0.002883177000000
New,1000,206.621792397950003,0.002790769000000
New,1000,206.621792397950003,0.002867174000000
New,1000,206.621792397950003,0.003122776000000
New,1000,206.621792397950031,0.002957410000000
New,1000,206.621792397950031,0.002897045000000
New,1000,206.621792397950031,0.002871124000000
New,1000,206.621792397950060,0.003111877000000
New,1000,206.621792397950031,0.002936823000000
New,1000,206.621792397949889,0.002787757000000
New,1000,206.621792397950003,0.002894368000000
New,1000,206.621792397950003,0.002948579000000
New,1000,206.621792397950003,0.002627860000000
New,1000,206.621792397950003,0.003483589000000
New,1000,206.621792397950003,0.002884372000000
New,1000,206.621792397950003,0.002776112000000
New,1000,206.621792397950003,0.002887426000000
New,1000,206.621792397950003,0.002996486000000
New,1000,206.621792397950003,0.002894831000000
New,2000,1100.643974648616904,0.025010500000000
New,2000,1100.643974648617359,0.012587885000000
New,2000,1100.643974648617359,0.003868592000000
New,2000,1100.643974648617132,0.003857145000000
New,2000,1100.643974648617359,0.003699774000000
New,2000,1100.643974648617359,0.003803425000000
New,2000,1100.643974648617132,0.003455529000000
New,2000,1100.643974648617132,0.003848038000000
New,2000,1100.643974648616904,0.003805623000000
New,2000,1100.643974648617359,0.003793143000000
New,2000,1100.643974648617359,0.003712202000000
New,2000,1100.643974648616677,0.003811382000000
New,2000,1100.643974648617132,0.003687063000000
New,2000,1100.643974648617359,0.003802481000000
New,2000,1100.643974648616904,0.003686962000000
New,2000,1100.643974648616677,0.003573582000000
New,2000,1100.643974648617132,0.003874736000000
New,2000,1100.643974648617359,0.003789070000000
New,2000,1100.643974648617359,0.003843291000000
New,2000,1100.643974648617359,0.003997412000000
New,2000,1100.643974648616904,0.003729011000000
New,2000,1100.643974648617132,0.003831958000000
New,2000,1100.643974648617132,0.003680449000000
New,2000,1100.643974648617359,0.004196171000000
New,2000,1100.643974648617359,0.003713008000000
New,2000,1100.643974648617359,0.003758533000000
New,2000,1100.643974648617359,0.003791314000000
New,2000,1100.643974648617359,0.003719936000000
New,2000,1100.643974648617359,0.003770145000000
New,2000,1100.643974648617359,0.003753822000000
New,3000,449.998721225750899,0.005357081000000
New,3000,449.998721225750899,0.005408901000000
New,3000,449.998721225751012,0.005559926000000
New,3000,449.998721225750899,0.005468860000000
New,3000,449.998721225750899,0.004328492000000
New,3000,449.998721225751012,0.005530545000000
New,3000,449.998721225751012,0.005464967000000
New,3000,449.998721225750899,0.004763515000000
New,3000,449.998721225750899,0.004682659000000
New,3000,449.998721225750899,0.005613663000000
New,3000,449.998721225750899,0.005568778000000
New,3000,449.998721225750842,0.005372271000000
New,3000,449.998721225751012,0.004752578000000
New,3000,449.998721225751012,0.005482667000000
New,3000,449.998721225750899,0.005520673000000
New,3000,449.998721225751012,0.005375674000000
New,3000,449.998721225750899,0.004788720000000
New,3000,449.998721225750842,0.004844862000000
New,3000,449.998721225751012,0.005562759000000
New,3000,449.998721225751012,0.005447080000000
New,3000,449.998721225750899,0.004733316000000
New,3000,449.998721225751012,0.005466782000000
New,3000,449.998721225750785,0.005591898000000
New,3000,449.998721225750899,0.005464003000000
New,3000,449.998721225750842,0.004665302000000
New,3000,449.998721225750899,0.004747036000000
New,3000,449.998721225750899,0.005565179000000
New,3000,449.998721225751012,0.005513425000000
New,3000,449.998721225751012,0.004761361000000
New,3000,449.998721225750842,0.004678923000000
New,4000,415.926304730532536,0.006116918000000
New,4000,415.926304730532536,0.006052389000000
New,4000,415.926304730532593,0.006275022000000
New,4000,415.926304730532536,0.006056501000000
New,4000,415.926304730532479,0.006094759000000
New,4000,415.926304730532536,0.006155444000000
New,4000,415.926304730532593,0.006023240000000
New,4000,415.926304730532650,0.006175488000000
New,4000,415.926304730532593,0.006117522000000
New,4000,415.926304730532593,0.006186161000000
New,4000,415.926304730532536,0.006407847000000
New,4000,415.926304730532593,0.005824492000000
New,4000,415.926304730532479,0.006099068000000
New,4000,415.926304730532479,0.006125088000000
New,4000,415.926304730532650,0.006422089000000
New,4000,415.926304730532536,0.006745711000000
New,4000,415.926304730532593,0.006542447000000
New,4000,415.926304730532536,0.006332243000000
New,4000,415.926304730532650,0.006048252000000
New,4000,415.926304730532593,0.006119469000000
New,4000,415.926304730532536,0.006186618000000
New,4000,415.926304730532763,0.006302670000000
New,4000,415.926304730532536,0.006068774000000
New,4000,415.926304730532593,0.006301595000000
New,4000,415.926304730532593,0.006035320000000
New,4000,415.926304730532593,0.006024863000000
New,4000,415.926304730532593,0.006107552000000
New,4000,415.926304730532536,0.006021788000000
New,4000,415.926304730532536,0.006218248000000
New,4000,415.926304730532536,0.006199579000000
New,5000,2678.923171116875892,0.007104233000000
New,5000,2678.923171116874983,0.007481455000000
New,5000,2678.923171116876802,0.007343393000000
New,5000,2678.923171116875892,0.006861750000000
New,5000,2678.923171116874983,0.007532441000000
New,5000,2678.923171116874983,0.007369161000000
New,5000,2678.923171116876802,0.006992211000000
New,5000,2678.923171116875892,0.006867006000000
New,5000,2678.923171116874983,0.007442610000000
New,5000,2678.923171116876802,0.006832106000000
New,5000,2678.923171116876802,0.006841309000000
New,5000,2678.923171116875892,0.007402748000000
New,5000,2678.923171116876802,0.007604735000000
New,5000,2678.923171116875892,0.007152217000000
New,5000,2678.923171116876802,0.007425320000000
New,5000,2678.923171116876802,0.007334696000000
New,5000,2678.923171116876802,0.007436721000000
New,5000,2678.923171116876802,0.006829261000000
New,5000,2678.923171116875892,0.007030262000000
New,5000,2678.923171116875892,0.007368475000000
New,5000,2678.923171116876802,0.006922710000000
New,5000,2678.923171116876802,0.007455821000000
New,5000,2678.923171116874983,0.006884503000000
New,5000,2678.923171116876802,0.007441866000000
New,5000,2678.923171116877711,0.007592347000000
New,5000,2678.923171116875892,0.006827830000000
New,5000,2678.923171116875892,0.007027143000000
New,5000,2678.923171116876802,0.007184316000000
New,5000,2678.923171116876802,0.007413538000000
New,5000,2678.923171116874983,0.007381295000000
New,6000,1581.316190900992524,0.008109796000000
New,6000,1581.316190900991842,0.007795397000000
New,6000,1581.316190900993206,0.007920847000000
New,6000,1581.316190900992297,0.008081186000000
New,6000,1581.316190900993433,0.008205840000000
New,6000,1581.316190900993433,0.008584994000000
New,6000,1581.316190900993206,0.008284814000000
New,6000,1581.316190900992069,0.008003025000000
New,6000,1581.316190900992524,0.008105559000000
New,6000,1581.316190900992524,0.008065706000000
New,6000,1581.316190900992297,0.008136300000000
New,6000,1581.316190900992524,0.008072893000000
New,6000,1581.316190900993206,0.008173915000000
New,6000,1581.316190900992297,0.008219008000000
New,6000,1581.316190900992297,0.007960657000000
New,6000,1581.316190900993206,0.008308859000000
New,6000,1581.316190900993206,0.008133580000000
New,6000,1581.316190900992297,0.009745437000000
New,6000,1581.316190900992069,0.015136165000000
New,6000,1581.316190900993433,0.007983627000000
New,6000,1581.316190900993206,0.008106581000000
New,6000,1581.316190900993206,0.008087860000000
New,6000,1581.316190900992297,0.008020977000000
New,6000,1581.316190900993206,0.008290405000000
New,6000,1581.316190900992297,0.007942071000000
New,6000,1581.316190900992524,0.010494430000000
New,6000,1581.316190900992524,0.009504378000000
New,6000,1581.316190900993206,0.007982237000000
New,6000,1581.316190900992297,0.008561497000000
New,6000,1581.316190900992069,0.008015908000000
New,7000,5336.198589244548202,0.009174969000000
New,7000,5336.198589244549112,0.008915213000000
New,7000,5336.198589244549112,0.008772417000000
New,7000,5336.198589244549112,0.008899781000000
New,7000,5336.198589244549112,0.008864369000000
New,7000,5336.198589244549112,0.009308815000000
New,7000,5336.198589244550021,0.009359704000000
New,7000,5336.198589244550021,0.009176281000000
New,7000,5336.198589244549112,0.008816489000000
New,7000,5336.198589244550021,0.009471989000000
New,7000,5336.198589244549112,0.009011077000000
New,7000,5336.198589244550021,0.008901934000000
New,7000,5336.198589244549112,0.008900280000000
New,7000,5336.198589244550021,0.008518697000000
New,7000,5336.198589244550021,0.009160965000000
New,7000,5336.198589244550021,0.009387357000000
New,7000,5336.198589244550021,0.009188926000000
New,7000,5336.198589244549112,0.008851503000000
New,7000,5336.198589244549112,0.009114507000000
New,7000,5336.198589244549112,0.008864512000000
New,7000,5336.198589244550021,0.009257764000000
New,7000,5336.198589244549112,0.008865885000000
New,7000,5336.198589244549112,0.008473251000000
New,7000,5336.198589244549112,0.009360308000000
New,7000,5336.198589244549112,0.009257326000000
New,7000,5336.198589244550021,0.009261599000000
New,7000,5336.198589244549112,0.008849881000000
New,7000,5336.198589244548202,0.009237113000000
New,7000,5336.198589244549112,0.009206847000000
New,7000,5336.198589244550021,0.008868067000000
New,8000,6154.845015108585358,0.009957826000000
New,8000,6154.845015108588086,0.010061311000000
New,8000,6154.845015108588086,0.010132309000000
New,8000,6154.845015108586267,0.009890054000000
New,8000,6154.845015108588086,0.009922784000000
New,8000,6154.845015108589905,0.010165936000000
New,8000,6154.845015108586267,0.010217543000000
New,8000,6154.845015108586267,0.010144703000000
New,8000,6154.845015108589905,0.010191745000000
New,8000,6154.845015108585358,0.010023426000000
New,8000,6154.845015108585358,0.010240526000000
New,8000,6154.845015108589905,0.009915888000000
New,8000,6154.845015108585358,0.009921177000000
New,8000,6154.845015108591724,0.009938541000000
New,8000,6154.845015108589905,0.010405078000000
New,8000,6154.845015108589905,0.009991506000000
New,8000,6154.845015108588086,0.009850484000000
New,8000,6154.845015108586267,0.010062698000000
New,8000,6154.845015108589905,0.010481318000000
New,8000,6154.845015108585358,0.009933507000000
New,8000,6154.845015108589905,0.009915552000000
New,8000,6154.845015108584448,0.009982244000000
New,8000,6154.845015108588086,0.010165534000000
New,8000,6154.845015108586267,0.009979007000000
New,8000,6154.845015108585358,0.009871630000000
New,8000,6154.845015108588086,0.010076928000000
New,8000,6154.845015108586267,0.010199346000000
New,8000,6154.845015108586267,0.009888937000000
New,8000,6154.845015108586267,0.010293006000000
New,8000,6154.845015108586267,0.010237845000000
New,9000,2021.723947538658194,0.011018158000000
New,9000,2021.723947538658194,0.010814983000000
New,9000,2021.723947538658194,0.011962445000000
New,9000,2021.723947538658649,0.011022222000000
New,9000,2021.723947538658194,0.012028528000000
New,9000,2021.723947538658649,0.010954926000000
New,9000,2021.723947538658194,0.010825973000000
New,9000,2021.723947538657967,0.010376331000000
New,9000,2021.723947538657967,0.011292374000000
New,9000,2021.723947538658194,0.011939491000000
New,9000,2021.723947538657967,0.011091426000000
New,9000,2021.723947538658649,0.010963116000000
New,9000,2021.723947538657967,0.010729274000000
New,9000,2021.723947538658194,0.011911823000000
New,9000,2021.723947538658649,0.010698741000000
New,9000,2021.723947538657967,0.010771236000000
New,9000,2021.723947538658194,0.011192760000000
New,9000,2021.723947538657967,0.011008044000000
New,9000,2021.723947538658194,0.011179767000000
New,9000,2021.723947538658649,0.010531248000000
New,9000,2021.723947538658194,0.012012015000000
New,9000,2021.723947538658877,0.011045867000000
New,9000,2021.723947538657967,0.011082047000000
New,9000,2021.723947538658194,0.010914520000000
New,9000,2021.723947538658194,0.010654959000000
New,9000,2021.723947538658649,0.011933005000000
New,9000,2021.723947538657967,0.012076150000000
New,9000,2021.723947538658194,0.010861592000000
New,9000,2021.723947538658194,0.011163845000000
New,9000,2021.723947538658194,0.010746159000000
New,10000,351.686637492376008,0.011791225000000
New,10000,351.686637492375894,0.012851953000000
New,10000,351.686637492376008,0.011794963000000
New,10000,351.686637492375894,0.013278226000000
New,10000,351.686637492375894,0.011933547000000
New,10000,351.686637492376008,0.012746857000000
New,10000,351.686637492376008,0.011769500000000
New,10000,351.686637492375894,0.012425334000000
New,10000,351.686637492376008,0.011987967000000
New,10000,351.686637492375894,0.011881332000000
New,10000,351.686637492376008,0.012745068000000
New,10000,351.686637492375894,0.013304981000000
New,10000,351.686637492375894,0.011907577000000
New,10000,351.686637492376065,0.011734888000000
New,10000,351.686637492375894,0.012946839000000
New,10000,351.686637492376065,0.012775655000000
New,10000,351.686637492376008,0.011842940000000
New,10000,351.686637492375894,0.011474270000000
New,10000,351.686637492376008,0.011755292000000
New,10000,351.686637492376008,0.011809439000000
New,10000,351.686637492375894,0.012453404000000
New,10000,351.686637492376008,0.011662426000000
New,10000,351.686637492376065,0.012765224000000
New,10000,351.686637492375894,0.011813850000000
New,10000,351.686637492375894,0.012819239000000
New,10000,351.686637492375894,0.012555047000000
New,10000,351.686637492376065,0.012696450000000
New,10000,351.686637492375894,0.011779350000000
New,10000,351.686637492375894,0.013052108000000
New,10000,351.686637492376065,0.011719097000000
New,11000,2648.580931839871482,0.013024166000000
New,11000,2648.580931839871482,0.014136827000000
New,11000,2648.580931839870573,0.019271850000000
New,11000,2648.580931839870573,0.013656322000000
New,11000,2648.580931839870573,0.014270913000000
New,11000,2648.580931839870573,0.013684295000000
New,11000,2648.580931839870573,0.012934052000000
New,11000,2648.580931839871482,0.012855447000000
New,11000,2648.580931839871482,0.012795353000000
New,11000,2648.580931839870573,0.013622912000000
New,11000,2648.580931839870573,0.013561863000000
New,11000,2648.580931839870573,0.013585859000000
New,11000,2648.580931839870573,0.013616887000000
New,11000,2648.580931839871482,0.014702670000000
New,11000,2648.580931839870573,0.017606010000000
New,11000,2648.580931839870573,0.013556464000000
New,11000,2648.580931839870573,0.014104558000000
New,11000,2648.580931839870573,0.013390119000000
New,11000,2648.580931839870573,0.013768368000000
New,11000,2648.580931839870573,0.013113415000000
New,11000,2648.580931839871482,0.012751534000000
New,11000,2648.580931839871482,0.013827441000000
New,11000,2648.580931839870573,0.013644548000000
New,11000,2648.580931839871482,0.013509963000000
New,11000,2648.580931839871482,0.012875006000000
New,11000,2648.580931839871482,0.012744498000000
New,11000,2648.580931839870573,0.014110354000000
New,11000,2648.580931839870573,0.013869174000000
New,11000,2648.580931839870573,0.013540117000000
New,11000,2648.580931839870573,0.012957004000000
New,12000,2116.933841589942404,0.014436082000000
New,12000,2116.933841589942858,0.014621710000000
New,12000,2116.933841589941949,0.014541960000000
New,12000,2116.933841589941949,0.014198851000000
New,12000,2116.933841589941949,0.014711564000000
New,12000,2116.933841589941949,0.014419445000000
New,12000,2116.933841589942404,0.014381096000000
New,12000,2116.933841589942858,0.014654431000000
New,12000,2116.933841589942404,0.014607549000000
New,12000,2116.933841589942404,0.014443631000000
New,12000,2116.933841589941949,0.014603028000000
New,12000,2116.933841589942858,0.014338436000000
New,12000,2116.933841589942404,0.014687304000000
New,12000,2116.933841589941949,0.014290891000000
New,12000,2116.933841589942404,0.015102437000000
New,12000,2116.933841589942404,0.014923131000000
New,12000,2116.933841589941949,0.014360639000000
New,12000,2116.933841589941949,0.014382489000000
New,12000,2116.933841589942404,0.014414901000000
New,12000,2116.933841589942404,0.017455774000000
New,12000,2116.933841589941949,0.015096866000000
New,12000,2116.933841589942858,0.014489086000000
New,12000,2116.933841589941949,0.014694985000000
New,12000,2116.933841589942404,0.013658082000000
New,12000,2116.933841589942404,0.014452950000000
New,12000,2116.933841589942404,0.014136185000000
New,12000,2116.933841589941949,0.013466824000000
New,12000,2116.933841589942858,0.014530535000000
New,12000,2116.933841589942404,0.014375986000000
New,12000,2116.933841589942404,0.014649235000000
New,13000,3493.875891523111022,0.014983472000000
New,13000,3493.875891523109658,0.015467746000000
New,13000,3493.875891523111477,0.016089233000000
New,13000,3493.875891523109658,0.015720995000000
New,13000,3493.875891523109658,0.015414260000000
New,13000,3493.875891523109203,0.015224028000000
New,13000,3493.875891523111022,0.015122437000000
New,13000,3493.875891523109658,0.015288307000000
New,13000,3493.875891523111477,0.015657095000000
New,13000,3493.875891523111477,0.015691526000000
New,13000,3493.875891523109658,0.015786322000000
New,13000,3493.875891523111477,0.015101800000000
New,13000,3493.875891523109658,0.015771351000000
New,13000,3493.875891523111022,0.015091365000000
New,13000,3493.875891523109658,0.015162320000000
New,13000,3493.875891523109658,0.015669260000000
New,13000,3493.875891523111022,0.015306859000000
New,13000,3493.875891523108749,0.014585504000000
New,13000,3493.875891523111022,0.015131347000000
New,13000,3493.875891523111477,0.015255416000000
New,13000,3493.875891523109203,0.015445069000000
New,13000,3493.875891523109203,0.015062508000000
New,13000,3493.875891523109658,0.015851747000000
New,13000,3493.875891523109658,0.015844051000000
New,13000,3493.875891523111022,0.014794296000000
New,13000,3493.875891523111477,0.015248279000000
New,13000,3493.875891523109203,0.015270377000000
New,13000,3493.875891523112841,0.015215279000000
New,13000,3493.875891523109203,0.015633562000000
New,13000,3493.875891523111477,0.015147711000000
New,14000,1311.168597878665651,0.016891886000000
New,14000,1311.168597878665651,0.021666870000000
New,14000,1311.168597878665651,0.016555806000000
New,14000,1311.168597878665651,0.016060557000000
New,14000,1311.168597878665878,0.016540591000000
New,14000,1311.168597878665651,0.016475212000000
New,14000,1311.168597878665651,0.016340086000000
New,14000,1311.168597878665651,0.016513979000000
New,14000,1311.168597878665423,0.015748709000000
New,14000,1311.168597878665423,0.016044973000000
New,14000,1311.168597878665878,0.016417537000000
New,14000,1311.168597878665651,0.016545149000000
New,14000,1311.168597878665651,0.016713625000000
New,14000,1311.168597878665878,0.016255320000000
New,14000,1311.168597878665651,0.016014907000000
New,14000,1311.168597878665878,0.016723062000000
New,14000,1311.168597878665651,0.016441195000000
New,14000,1311.168597878665651,0.020241768000000
New,14000,1311.168597878665651,0.016550406000000
New,14000,1311.168597878665878,0.016158976000000
New,14000,1311.168597878665651,0.016520287000000
New,14000,1311.168597878665651,0.016274024000000
New,14000,1311.168597878665651,0.016654094000000
New,14000,1311.168597878665878,0.016521997000000
New,14000,1311.168597878665878,0.016237776000000
New,14000,1311.168597878665651,0.016246663000000
New,14000,1311.168597878665423,0.016184425000000
New,14000,1311.168597878665651,0.016506530000000
New,14000,1311.168597878665423,0.016473930000000
New,14000,1311.168597878665651,0.016433328000000
New,15000,1246.977819382043890,0.016697025000000
New,15000,1246.977819382044117,0.017541642000000
New,15000,1246.977819382044345,0.016821494000000
New,15000,1246.977819382044345,0.016715266000000
New,15000,1246.977819382044117,0.016847894000000
New,15000,1246.977819382044345,0.017486491000000
New,15000,1246.977819382044117,0.017544890000000
New,15000,1246.977819382043890,0.016862176000000
New,15000,1246.977819382043890,0.016860957000000
New,15000,1246.977819382043663,0.017298049000000
New,15000,1246.977819382044345,0.017228493000000
New,15000,1246.977819382043663,0.017620832000000
New,15000,1246.977819382044117,0.017225395000000
New,15000,1246.977819382043890,0.017206930000000
New,15000,1246.977819382044117,0.017207305000000
New,15000,1246.977819382044345,0.016885471000000
New,15000,1246.977819382044117,0.016987125000000
New,15000,1246.977819382043890,0.017564993000000
New,15000,1246.977819382044117,0.017299976000000
New,15000,1246.977819382044117,0.016996057000000
New,15000,1246.977819382044572,0.017188190000000
New,15000,1246.977819382044345,0.016840479000000
New,15000,1246.977819382044345,0.017168554000000
New,15000,1246.977819382043663,0.017479173000000
New,15000,1246.977819382043663,0.022036121000000
New,15000,1246.977819382043663,0.018971285000000
New,15000,1246.977819382044117,0.017136365000000
New,15000,1246.977819382044117,0.017135222000000
New,15000,1246.977819382044117,0.017149049000000
New,15000,1246.977819382043435,0.017430365000000
New,16000,2726.601976786737850,0.017334344000000
New,16000,2726.601976786738305,0.018217090000000
New,16000,2726.601976786738305,0.017930092000000
New,16000,2726.601976786737396,0.017571597000000
New,16000,2726.601976786737850,0.018207993000000
New,16000,2726.601976786737396,0.018264865000000
New,16000,2726.601976786737850,0.021332532000000
New,16000,2726.601976786737850,0.018939058000000
New,16000,2726.601976786737396,0.018370730000000
New,16000,2726.601976786737850,0.018257992000000
New,16000,2726.601976786737850,0.018338792000000
New,16000,2726.601976786737850,0.017962641000000
New,16000,2726.601976786737850,0.018050343000000
New,16000,2726.601976786738760,0.018215786000000
New,16000,2726.601976786738305,0.018231097000000
New,16000,2726.601976786737850,0.018233963000000
New,16000,2726.601976786738305,0.019178781000000
New,16000,2726.601976786738305,0.017583071000000
New,16000,2726.601976786738760,0.017906399000000
New,16000,2726.601976786738305,0.018324328000000
New,16000,2726.601976786736031,0.020155333000000
New,16000,2726.601976786738305,0.017981756000000
New,16000,2726.601976786737850,0.018474513000000
New,16000,2726.601976786737850,0.018552031000000
New,16000,2726.601976786738305,0.018692425000000
New,16000,2726.601976786737850,0.018703396000000
New,16000,2726.601976786737850,0.018709820000000
New,16000,2726.601976786738305,0.018384063000000
New,16000,2726.601976786738305,0.018322922000000
New,16000,2726.601976786738305,0.018182767000000
New,17000,12859.906680336755016,0.040726219000000
New,17000,12859.906680336755016,0.019610536000000
New,17000,12859.906680336758654,0.018875055000000
New,17000,12859.906680336758654,0.018926860000000
New,17000,12859.906680336765930,0.018591748000000
New,17000,12859.906680336758654,0.019942575000000
New,17000,12859.906680336758654,0.018590138000000
New,17000,12859.906680336760473,0.019745810000000
New,17000,12859.906680336758654,0.018914685000000
New,17000,12859.906680336755016,0.019105507000000
New,17000,12859.906680336760473,0.020917996000000
New,17000,12859.906680336765930,0.018917664000000
New,17000,12859.906680336765930,0.019458767000000
New,17000,12859.906680336755016,0.019432027000000
New,17000,12859.906680336760473,0.019368795000000
New,17000,12859.906680336760473,0.018923896000000
New,17000,12859.906680336758654,0.019020087000000
New,17000,12859.906680336765930,0.018943722000000
New,17000,12859.906680336760473,0.019099176000000
New,17000,12859.906680336760473,0.018592339000000
New,17000,12859.906680336769568,0.019033042000000
New,17000,12859.906680336758654,0.019340563000000
New,17000,12859.906680336755016,0.019218009000000
New,17000,12859.906680336760473,0.018791389000000
New,17000,12859.906680336762292,0.019504302000000
New,17000,12859.906680336760473,0.019433569000000
New,17000,12859.906680336760473,0.019585385000000
New,17000,12859.906680336758654,0.019515756000000
New,17000,12859.906680336760473,0.018992187000000
New,17000,12859.906680336765930,0.019623375000000
New,18000,1327.356403691899004,0.019356915000000
New,18000,1327.356403691899004,0.019634682000000
New,18000,1327.356403691899459,0.022827485000000
New,18000,1327.356403691898549,0.020239209000000
New,18000,1327.356403691898549,0.019621642000000
New,18000,1327.356403691899004,0.020436809000000
New,18000,1327.356403691899004,0.020077000000000
New,18000,1327.356403691899004,0.025313808000000
New,18000,1327.356403691899004,0.020943913000000
New,18000,1327.356403691899004,0.020007869000000
New,18000,1327.356403691899459,0.020474345000000
New,18000,1327.356403691899459,0.019760685000000
New,18000,1327.356403691899004,0.020262179000000
New,18000,1327.356403691899004,0.019858026000000
New,18000,1327.356403691898549,0.020266724000000
New,18000,1327.356403691899459,0.019893122000000
New,18000,1327.356403691899004,0.019770193000000
New,18000,1327.356403691899004,0.020574351000000
New,18000,1327.356403691899004,0.019433677000000
New,18000,1327.356403691899004,0.020103244000000
New,18000,1327.356403691899004,0.019600750000000
New,18000,1327.356403691899004,0.020088562000000
New,18000,1327.356403691899004,0.019978208000000
New,18000,1327.356403691899914,0.019700735000000
New,18000,1327.356403691899004,0.019859206000000
New,18000,1327.356403691899459,0.020762496000000
New,18000,1327.356403691899004,0.019560684000000
New,18000,1327.356403691899004,0.020268912000000
New,18000,1327.356403691899459,0.019782615000000
New,18000,1327.356403691899459,0.019787717000000
New,19000,2730.923500464777135,0.020897159000000
New,19000,2730.923500464776680,0.021222710000000
New,19000,2730.923500464777135,0.021671827000000
New,19000,2730.923500464776680,0.021456296000000
New,19000,2730.923500464777135,0.021387460000000
New,19000,2730.923500464776680,0.021202767000000
New,19000,2730.923500464777135,0.021650427000000
New,19000,2730.923500464778499,0.020546976000000
New,19000,2730.923500464777135,0.020502898000000
New,19000,2730.923500464776680,0.020873328000000
New,19000,2730.923500464777135,0.020598762000000
New,19000,2730.923500464777135,0.020919837000000
New,19000,2730.923500464777590,0.020879249000000
New,19000,2730.923500464777135,0.020467536000000
New,19000,2730.923500464776680,0.020551063000000
New,19000,2730.923500464777135,0.020828409000000
New,19000,2730.923500464777135,0.020616510000000
New,19000,2730.923500464777135,0.020805216000000
New,19000,2730.923500464777135,0.020519036000000
New,19000,2730.923500464777135,0.020937009000000
New,19000,2730.923500464777590,0.025791346000000
New,19000,2730.923500464776680,0.020549974000000
New,19000,2730.923500464777135,0.021256210000000
New,19000,2730.923500464777135,0.020788229000000
New,19000,2730.923500464777135,0.024474120000000
New,19000,2730.923500464776680,0.021030469000000
New,19000,2730.923500464776680,0.021652019000000
New,19000,2730.923500464777135,0.021433838000000
New,19000,2730.923500464777135,0.026465472000000
New,19000,2730.923500464777135,0.020131673000000
New,20000,2208.547855598637398,0.022434184000000
New,20000,2208.547855598638307,0.021997165000000
New,20000,2208.547855598637852,0.022064164000000
New,20000,2208.547855598638307,0.021880578000000
New,20000,2208.547855598637852,0.021823469000000
New,20000,2208.547855598638307,0.022401155000000
New,20000,2208.547855598637852,0.021847476000000
New,20000,2208.547855598638307,0.021813623000000
New,20000,2208.547855598637852,0.021797077000000
New,20000,2208.547855598637852,0.022098294000000
New,20000,2208.547855598638307,0.021976686000000
New,20000,2208.547855598637398,0.022917341000000
New,20000,2208.547855598637398,0.021608821000000
New,20000,2208.547855598637398,0.021999391000000
New,20000,2208.547855598637398,0.022183902000000
New,20000,2208.547855598638307,0.021870878000000
New,20000,2208.547855598637852,0.022058516000000
New,20000,2208.547855598637852,0.021637864000000
New,20000,2208.547855598638307,0.022087055000000
New,20000,2208.547855598638307,0.022482170000000
New,20000,2208.547855598638307,0.022158064000000
New,20000,2208.547855598638307,0.022676181000000
New,20000,2208.547855598637852,0.022341099000000
New,20000,2208.547855598638307,0.022649065000000
New,20000,2208.547855598637852,0.022215130000000
New,20000,2208.547855598637852,0.022467735000000
New,20000,2208.547855598637852,0.022098882000000
New,20000,2208.547855598637852,0.022980980000000
New,20000,2208.547855598637852,0.021810426000000
New,20000,2208.547855598638307,0.022448848000000
New,21000,2931.092494637968230,0.022266940000000
New,21000,2931.092494637967775,0.023002111000000
New,21000,2931.092494637969139,0.022861812000000
New,21000,2931.092494637969139,0.023081387000000
New,21000,2931.092494637968230,0.023228087000000
New,21000,2931.092494637969139,0.022995591000000
New,21000,2931.092494637967775,0.022951430000000
New,21000,2931.092494637967775,0.022474422000000
New,21000,2931.092494637967775,0.023039827000000
New,21000,2931.092494637967775,0.022853888000000
New,21000,2931.092494637967320,0.022971257000000
New,21000,2931.092494637968230,0.023030349000000
New,21000,2931.092494637969139,0.022742808000000
New,21000,2931.092494637967320,0.022981890000000
New,21000,2931.092494637969139,0.023105664000000
New,21000,2931.092494637967775,0.023329481000000
New,21000,2931.092494637968230,0.024178684000000
New,21000,2931.092494637969594,0.022603533000000
New,21000,2931.092494637969139,0.022936170000000
New,21000,2931.092494637966411,0.023208700000000
New,21000,2931.092494637967775,0.023351598000000
New,21000,2931.092494637967320,0.023792124000000
New,21000,2931.092494637967775,0.023596008000000
New,21000,2931.092494637968230,0.023280765000000
New,21000,2931.092494637968230,0.023013895000000
New,21000,2931.092494637969594,0.023545984000000
New,21000,2931.092494637969594,0.023043442000000
New,21000,2931.092494637968230,0.022877963000000
New,21000,2931.092494637968230,0.023084582000000
New,21000,2931.092494637967775,0.023258811000000
New,22000,9505.690308423287206,0.023799862000000
New,22000,9505.690308423285387,0.024319493000000
New,22000,9505.690308423285387,0.024420924000000
New,22000,9505.690308423285387,0.024022634000000
New,22000,9505.690308423285387,0.025951432000000
New,22000,9505.690308423287206,0.024410678000000
New,22000,9505.690308423287206,0.023724909000000
New,22000,9505.690308423287206,0.024768871000000
New,22000,9505.690308423285387,0.024144668000000
New,22000,9505.690308423285387,0.025072108000000
New,22000,9505.690308423285387,0.023941345000000
New,22000,9505.690308423285387,0.024053834000000
New,22000,9505.690308423283568,0.024354983000000
New,22000,9505.690308423287206,0.024082488000000
New,22000,9505.690308423287206,0.023705678000000
New,22000,9505.690308423283568,0.023994237000000
New,22000,9505.690308423285387,0.023931558000000
New,22000,9505.690308423283568,0.024582090000000
New,22000,9505.690308423285387,0.023910403000000
New,22000,9505.690308423287206,0.024017240000000
New,22000,9505.690308423285387,0.023995191000000
New,22000,9505.690308423285387,0.023881281000000
New,22000,9505.690308423287206,0.023959997000000
New,22000,9505.690308423283568,0.024035614000000
New,22000,9505.690308423285387,0.024146699000000
New,22000,9505.690308423283568,0.023919576000000
New,22000,9505.690308423283568,0.024336395000000
New,22000,9505.690308423283568,0.024033184000000
New,22000,9505.690308423285387,0.023955667000000
New,22000,9505.690308423287206,0.023851081000000
New,23000,6224.179933182436798,0.024985284000000
New,23000,6224.179933182435889,0.031894685000000
New,23000,6224.179933182437708,0.024446487000000
New,23000,6224.179933182434979,0.024248257000000
New,23000,6224.179933182435889,0.024593861000000
New,23000,6224.179933182436798,0.024934364000000
New,23000,6224.179933182435889,0.024517306000000
New,23000,6224.179933182435889,0.033570129000000
New,23000,6224.179933182437708,0.023962701000000
New,23000,6224.179933182437708,0.024394674000000
New,23000,6224.179933182435889,0.025117774000000
New,23000,6224.179933182437708,0.024249734000000
New,23000,6224.179933182434979,0.024800037000000
New,23000,6224.179933182435889,0.024046721000000
New,23000,6224.179933182436798,0.024446347000000
New,23000,6224.179933182435889,0.025134034000000
New,23000,6224.179933182435889,0.024619713000000
New,23000,6224.179933182435889,0.024601611000000
New,23000,6224.179933182436798,0.024390891000000
New,23000,6224.179933182437708,0.024606877000000
New,23000,6224.179933182435889,0.024720384000000
New,23000,6224.179933182437708,0.024613764000000
New,23000,6224.179933182437708,0.024983497000000
New,23000,6224.179933182437708,0.025010910000000
New,23000,6224.179933182435889,0.025186698000000
New,23000,6224.179933182437708,0.024381377000000
New,23000,6224.179933182437708,0.024442833000000
New,23000,6224.179933182436798,0.024691091000000
New,23000,6224.179933182437708,0.025085666000000
New,23000,6224.179933182436798,0.024468670000000
New,24000,5825.705689445069765,0.025325536000000
New,24000,5825.705689445073403,0.029230512000000
New,24000,5825.705689445071584,0.025880800000000
New,24000,5825.705689445068856,0.025653532000000
New,24000,5825.705689445068856,0.025812026000000
New,24000,5825.705689445069765,0.025745159000000
New,24000,5825.705689445068856,0.025594582000000
New,24000,5825.705689445069765,0.025122248000000
New,24000,5825.705689445069765,0.025754462000000
New,24000,5825.705689445067947,0.025608192000000
New,24000,5825.705689445068856,0.025772089000000
New,24000,5825.705689445072494,0.025771528000000
New,24000,5825.705689445071584,0.030218536000000
New,24000,5825.705689445069765,0.025404363000000
New,24000,5825.705689445069765,0.025182116000000
New,24000,5825.705689445068856,0.025071107000000
New,24000,5825.705689445068856,0.025936508000000
New,24000,5825.705689445069765,0.025547266000000
New,24000,5825.705689445073403,0.026993760000000
New,24000,5825.705689445069765,0.032495356000000
New,24000,5825.705689445068856,0.025721605000000
New,24000,5825.705689445071584,0.025788282000000
New,24000,5825.705689445071584,0.025653537000000
New,24000,5825.705689445073403,0.025934254000000
New,24000,5825.705689445071584,0.026013001000000
New,24000,5825.705689445069765,0.025763619000000
New,24000,5825.705689445069765,0.025833957000000
New,24000,5825.705689445068856,0.025388396000000
New,24000,5825.705689445066128,0.025611181000000
New,24000,5825.705689445069765,0.025059342000000
New,25000,2884.122994474230836,0.026438904000000
New,25000,2884.122994474230836,0.026599906000000
New,25000,2884.122994474230836,0.026526143000000
New,25000,2884.122994474230836,0.026818302000000
New,25000,2884.122994474231291,0.026761586000000
New,25000,2884.122994474230836,0.030214208000000
New,25000,2884.122994474230836,0.025451018000000
New,25000,2884.122994474231291,0.027002665000000
New,25000,2884.122994474230836,0.027008464000000
New,25000,2884.122994474229472,0.026215499000000
New,25000,2884.122994474230836,0.026703919000000
New,25000,2884.122994474230836,0.026983754000000
New,25000,2884.122994474230836,0.025939616000000
New,25000,2884.122994474231291,0.026909355000000
New,25000,2884.122994474230836,0.026728966000000
New,25000,2884.122994474231291,0.026981620000000
New,25000,2884.122994474230836,0.026590121000000
New,25000,2884.122994474230836,0.026594953000000
New,25000,2884.122994474230836,0.026813897000000
New,25000,2884.122994474231291,0.026609826000000
New,25000,2884.122994474231291,0.026433130000000
New,25000,2884.122994474231291,0.026611607000000
New,25000,2884.122994474231746,0.026608487000000
New,25000,2884.122994474230836,0.032372391000000
New,25000,2884.122994474231746,0.030852554000000
New,25000,2884.122994474230836,0.026598582000000
New,25000,2884.122994474230836,0.026349754000000
New,25000,2884.122994474231291,0.026431674000000
New,25000,2884.122994474231291,0.028143065000000
New,25000,2884.122994474230836,0.031675290000000
